no_liege;No de jure liege determined;;;;;;;;;;;
isolated;Surrounded by de jure duchies;;;;;;;;;;;
county_levy_destr;This province is in decline due to population shifts over the continent;;;;;;;;;;;
county_levy_destr_pagan;This province is in decline due to population shifts over the continent;;;;;;;;;;;
player_advantage;This province is prospering due to population shifts over the continent;;;;;;;;;;;
random_advantage;This province is prospering due to population shifts over the continent;;;;;;;;;;;
d_holland_de_jure_liege;De jure liege: d_holland;;;;;;;;;;;x
d_sticht_de_jure_liege;De jure liege: d_sticht;;;;;;;;;;;
d_westfriesland_de_jure_liege;De jure liege: d_westfriesland;;;;;;;;;;;
d_zeeland_de_jure_liege;De jure liege: d_zeeland;;;;;;;;;;;
d_gelre_de_jure_liege;De jure liege: d_gelre;;;;;;;;;;;
d_ostfriesland_de_jure_liege;De jure liege: d_ostfriesland;;;;;;;;;;;
d_frisia_de_jure_liege;De jure liege: d_frisia;;;;;;;;;;;
d_brabant_de_jure_liege;De jure liege: d_brabant;;;;;;;;;;;
d_hainaut_de_jure_liege;De jure liege: d_hainaut;;;;;;;;;;;
d_breda_de_jure_liege;De jure liege: d_breda;;;;;;;;;;;
d_artois_de_jure_liege;De jure liege: d_artois;;;;;;;;;;;
d_boulogne_de_jure_liege;De jure liege: d_boulogne;;;;;;;;;;;
d_guines_de_jure_liege;De jure liege: d_guines;;;;;;;;;;;
d_yperen_de_jure_liege;De jure liege: d_yperen;;;;;;;;;;;
d_brugge_de_jure_liege;De jure liege: d_brugge;;;;;;;;;;;
d_gent_de_jure_liege;De jure liege: d_gent;;;;;;;;;;;
d_luxembourg_de_jure_liege;De jure liege: d_luxembourg;;;;;;;;;;;
d_liege_de_jure_liege;De jure liege: d_liege;;;;;;;;;;;
d_julich_de_jure_liege;De jure liege: d_julich;;;;;;;;;;;
d_loon_de_jure_liege;De jure liege: d_loon;;;;;;;;;;;
d_lorraine_de_jure_liege;De jure liege: d_lorraine;;;;;;;;;;;
d_saintois_de_jure_liege;De jure liege: d_saintois;;;;;;;;;;;
d_bar_de_jure_liege;De jure liege: d_bar;;;;;;;;;;;
d_pfalz_de_jure_liege;De jure liege: d_pfalz;;;;;;;;;;;
d_trier_de_jure_liege;De jure liege: d_trier;;;;;;;;;;;
d_metz_de_jure_liege;De jure liege: d_metz;;;;;;;;;;;
d_verdun_de_jure_liege;De jure liege: d_verdun;;;;;;;;;;;
d_nordgau_de_jure_liege;De jure liege: d_nordgau;;;;;;;;;;;
d_sundgau_de_jure_liege;De jure liege: d_sundgau;;;;;;;;;;;
d_kempten_de_jure_liege;De jure liege: d_kempten;;;;;;;;;;;
d_oberbayern_de_jure_liege;De jure liege: d_oberbayern;;;;;;;;;;;
d_salzburg_de_jure_liege;De jure liege: d_salzburg;;;;;;;;;;;
d_niederbayern_de_jure_liege;De jure liege: d_niederbayern;;;;;;;;;;;
d_nurnberg_de_jure_liege;De jure liege: d_nurnberg;;;;;;;;;;;
d_passau_de_jure_liege;De jure liege: d_passau;;;;;;;;;;;
d_znojmo_de_jure_liege;De jure liege: d_znojmo;;;;;;;;;;;
d_osterreich_de_jure_liege;De jure liege: d_osterreich;;;;;;;;;;;
d_steiermark_de_jure_liege;De jure liege: d_steiermark;;;;;;;;;;;
d_tirol_de_jure_liege;De jure liege: d_tirol;;;;;;;;;;;
d_st_gallen_de_jure_liege;De jure liege: d_st_gallen;;;;;;;;;;;
d_innsbruck_de_jure_liege;De jure liege: d_innsbruck;;;;;;;;;;;
d_chur_de_jure_liege;De jure liege: d_chur;;;;;;;;;;;
d_istria_de_jure_liege;De jure liege: d_istria;;;;;;;;;;;
d_krain_de_jure_liege;De jure liege: d_krain;;;;;;;;;;;
d_karnten_de_jure_liege;De jure liege: d_karnten;;;;;;;;;;;
d_aquileia_de_jure_liege;De jure liege: d_aquileia;;;;;;;;;;;
d_celle_de_jure_liege;De jure liege: d_celle;;;;;;;;;;;
d_luneburg_de_jure_liege;De jure liege: d_luneburg;;;;;;;;;;;
d_braunschweig_de_jure_liege;De jure liege: d_braunschweig;;;;;;;;;;;
d_oldenburg_de_jure_liege;De jure liege: d_oldenburg;;;;;;;;;;;
d_osnabruck_de_jure_liege;De jure liege: d_osnabruck;;;;;;;;;;;
d_gottingen_de_jure_liege;De jure liege: d_gottingen;;;;;;;;;;;
d_thuringen_de_jure_liege;De jure liege: d_thuringen;;;;;;;;;;;
d_nassau_de_jure_liege;De jure liege: d_nassau;;;;;;;;;;;
d_koln_de_jure_liege;De jure liege: d_koln;;;;;;;;;;;
d_munster_de_jure_liege;De jure liege: d_munster;;;;;;;;;;;
d_kleve_de_jure_liege;De jure liege: d_kleve;;;;;;;;;;;
d_mainz_de_jure_liege;De jure liege: d_mainz;;;;;;;;;;;
d_leiningen_de_jure_liege;De jure liege: d_leiningen;;;;;;;;;;;
d_wurzburg_de_jure_liege;De jure liege: d_wurzburg;;;;;;;;;;;
d_bamberg_de_jure_liege;De jure liege: d_bamberg;;;;;;;;;;;
d_baden_de_jure_liege;De jure liege: d_baden;;;;;;;;;;;
d_breisgau_de_jure_liege;De jure liege: d_breisgau;;;;;;;;;;;
d_schwaben_de_jure_liege;De jure liege: d_schwaben;;;;;;;;;;;
d_ulm_de_jure_liege;De jure liege: d_ulm;;;;;;;;;;;
d_furstenberg_de_jure_liege;De jure liege: d_furstenberg;;;;;;;;;;;
d_wurttemberg_de_jure_liege;De jure liege: d_wurttemberg;;;;;;;;;;;
d_nikaea_de_jure_liege;De jure liege: d_nikaea;;;;;;;;;;;
d_nikomedeia_de_jure_liege;De jure liege: d_nikomedeia;;;;;;;;;;;
d_prusa_de_jure_liege;De jure liege: d_prusa;;;;;;;;;;;
d_kyzikos_de_jure_liege;De jure liege: d_kyzikos;;;;;;;;;;;
d_ephesos_de_jure_liege;De jure liege: d_ephesos;;;;;;;;;;;
d_smyrna_de_jure_liege;De jure liege: d_smyrna;;;;;;;;;;;
d_chios_de_jure_liege;De jure liege: d_chios;;;;;;;;;;;
d_abydos_de_jure_liege;De jure liege: d_abydos;;;;;;;;;;;
d_naxos_de_jure_liege;De jure liege: d_naxos;;;;;;;;;;;
d_euboia_de_jure_liege;De jure liege: d_euboia;;;;;;;;;;;
d_lesbos_de_jure_liege;De jure liege: d_lesbos;;;;;;;;;;;
d_kaliopolis_de_jure_liege;De jure liege: d_kaliopolis;;;;;;;;;;;
d_byzantion_de_jure_liege;De jure liege: d_byzantion;;;;;;;;;;;
d_thrake_de_jure_liege;De jure liege: d_thrake;;;;;;;;;;;
d_adrianopolis_de_jure_liege;De jure liege: d_adrianopolis;;;;;;;;;;;
d_philippopolis_de_jure_liege;De jure liege: d_philippopolis;;;;;;;;;;;
d_chalkidike_de_jure_liege;De jure liege: d_chalkidike;;;;;;;;;;;
d_thessalonike_de_jure_liege;De jure liege: d_thessalonike;;;;;;;;;;;
d_thessalia_de_jure_liege;De jure liege: d_thessalia;;;;;;;;;;;
d_strymon_de_jure_liege;De jure liege: d_strymon;;;;;;;;;;;
d_ochrid_de_jure_liege;De jure liege: d_ochrid;;;;;;;;;;;
d_dyrrachion_de_jure_liege;De jure liege: d_dyrrachion;;;;;;;;;;;
d_epeiros_de_jure_liege;De jure liege: d_epeiros;;;;;;;;;;;
d_arta_de_jure_liege;De jure liege: d_arta;;;;;;;;;;;
d_cephalonia_de_jure_liege;De jure liege: d_cephalonia;;;;;;;;;;;
d_demetrias_de_jure_liege;De jure liege: d_demetrias;;;;;;;;;;;
d_hellas_de_jure_liege;De jure liege: d_hellas;;;;;;;;;;;
d_atheniai_de_jure_liege;De jure liege: d_atheniai;;;;;;;;;;;
d_achaia_de_jure_liege;De jure liege: d_achaia;;;;;;;;;;;
d_korinthos_de_jure_liege;De jure liege: d_korinthos;;;;;;;;;;;
d_methone_de_jure_liege;De jure liege: d_methone;;;;;;;;;;;
d_monemvasia_de_jure_liege;De jure liege: d_monemvasia;;;;;;;;;;;
d_kaneia_de_jure_liege;De jure liege: d_kaneia;;;;;;;;;;;
d_chandax_de_jure_liege;De jure liege: d_chandax;;;;;;;;;;;
d_famagusta_de_jure_liege;De jure liege: d_famagusta;;;;;;;;;;;
d_limisol_de_jure_liege;De jure liege: d_limisol;;;;;;;;;;;
d_attaleia_de_jure_liege;De jure liege: d_attaleia;;;;;;;;;;;
d_rhodos_de_jure_liege;De jure liege: d_rhodos;;;;;;;;;;;
d_lykia_de_jure_liege;De jure liege: d_lykia;;;;;;;;;;;
d_dorylaion_de_jure_liege;De jure liege: d_dorylaion;;;;;;;;;;;
d_ikonion_de_jure_liege;De jure liege: d_ikonion;;;;;;;;;;;
d_sozopolis_de_jure_liege;De jure liege: d_sozopolis;;;;;;;;;;;
d_laodikeia_de_jure_liege;De jure liege: d_laodikeia;;;;;;;;;;;
d_kaisereia_de_jure_liege;De jure liege: d_kaisereia;;;;;;;;;;;
d_galatia_de_jure_liege;De jure liege: d_galatia;;;;;;;;;;;
d_tyana_de_jure_liege;De jure liege: d_tyana;;;;;;;;;;;
d_amisos_de_jure_liege;De jure liege: d_amisos;;;;;;;;;;;
d_sinope_de_jure_liege;De jure liege: d_sinope;;;;;;;;;;;
d_paphlagonia_de_jure_liege;De jure liege: d_paphlagonia;;;;;;;;;;;
d_herakleia_de_jure_liege;De jure liege: d_herakleia;;;;;;;;;;;
d_ankyra_de_jure_liege;De jure liege: d_ankyra;;;;;;;;;;;
d_theodosiopolis_de_jure_liege;De jure liege: d_theodosiopolis;;;;;;;;;;;
d_trapezous_de_jure_liege;De jure liege: d_trapezous;;;;;;;;;;;
d_chaldea_de_jure_liege;De jure liege: d_chaldea;;;;;;;;;;;
d_lykandos_de_jure_liege;De jure liege: d_lykandos;;;;;;;;;;;
d_tarsos_de_jure_liege;De jure liege: d_tarsos;;;;;;;;;;;
d_adana_de_jure_liege;De jure liege: d_adana;;;;;;;;;;;
d_teluch_de_jure_liege;De jure liege: d_teluch;;;;;;;;;;;
d_seleukeia_de_jure_liege;De jure liege: d_seleukeia;;;;;;;;;;;
d_vaspurakan_de_jure_liege;De jure liege: d_vaspurakan;;;;;;;;;;;
d_dwin_de_jure_liege;De jure liege: d_dwin;;;;;;;;;;;
d_ani_de_jure_liege;De jure liege: d_ani;;;;;;;;;;;
d_karin_de_jure_liege;De jure liege: d_karin;;;;;;;;;;;
d_mesopotamia_de_jure_liege;De jure liege: d_mesopotamia;;;;;;;;;;;
d_taron_de_jure_liege;De jure liege: d_taron;;;;;;;;;;;
d_edessa_de_jure_liege;De jure liege: d_edessa;;;;;;;;;;;
d_tell_bashir_de_jure_liege;De jure liege: d_tell_bashir;;;;;;;;;;;
d_aintab_de_jure_liege;De jure liege: d_aintab;;;;;;;;;;;
d_koloneia_de_jure_liege;De jure liege: d_koloneia;;;;;;;;;;;
d_melitene_de_jure_liege;De jure liege: d_melitene;;;;;;;;;;;
d_vidin_de_jure_liege;De jure liege: d_vidin;;;;;;;;;;;
d_naissus_de_jure_liege;De jure liege: d_naissus;;;;;;;;;;;
d_tyrnovo_de_jure_liege;De jure liege: d_tyrnovo;;;;;;;;;;;
d_serdica_de_jure_liege;De jure liege: d_serdica;;;;;;;;;;;
d_nikopolis_de_jure_liege;De jure liege: d_nikopolis;;;;;;;;;;;
d_dorostotum_de_jure_liege;De jure liege: d_dorostotum;;;;;;;;;;;
d_mesembria_de_jure_liege;De jure liege: d_mesembria;;;;;;;;;;;
d_karvuna_de_jure_liege;De jure liege: d_karvuna;;;;;;;;;;;
d_constantia_de_jure_liege;De jure liege: d_constantia;;;;;;;;;;;
d_rashka_de_jure_liege;De jure liege: d_rashka;;;;;;;;;;;
d_hum_de_jure_liege;De jure liege: d_hum;;;;;;;;;;;
d_belgrade_de_jure_liege;De jure liege: d_belgrade;;;;;;;;;;;
d_zeta_de_jure_liege;De jure liege: d_zeta;;;;;;;;;;;
d_ragusa_de_jure_liege;De jure liege: d_ragusa;;;;;;;;;;;
d_krizevci_de_jure_liege;De jure liege: d_krizevci;;;;;;;;;;;
d_zagreb_de_jure_liege;De jure liege: d_zagreb;;;;;;;;;;;
d_varadzin_de_jure_liege;De jure liege: d_varadzin;;;;;;;;;;;
d_rama_de_jure_liege;De jure liege: d_rama;;;;;;;;;;;
d_usora_de_jure_liege;De jure liege: d_usora;;;;;;;;;;;
d_zachlumia_de_jure_liege;De jure liege: d_zachlumia;;;;;;;;;;;
d_senj_de_jure_liege;De jure liege: d_senj;;;;;;;;;;;
d_veglia_de_jure_liege;De jure liege: d_veglia;;;;;;;;;;;
d_split_de_jure_liege;De jure liege: d_split;;;;;;;;;;;
d_zadar_de_jure_liege;De jure liege: d_zadar;;;;;;;;;;;
d_benevento_de_jure_liege;De jure liege: d_benevento;;;;;;;;;;;
d_foggia_de_jure_liege;De jure liege: d_foggia;;;;;;;;;;;
d_capua_de_jure_liege;De jure liege: d_capua;;;;;;;;;;;
d_napoli_de_jure_liege;De jure liege: d_napoli;;;;;;;;;;;
d_apulia_de_jure_liege;De jure liege: d_apulia;;;;;;;;;;;
d_bari_de_jure_liege;De jure liege: d_bari;;;;;;;;;;;
d_lecce_de_jure_liege;De jure liege: d_lecce;;;;;;;;;;;
d_salerno_de_jure_liege;De jure liege: d_salerno;;;;;;;;;;;
d_taranto_de_jure_liege;De jure liege: d_taranto;;;;;;;;;;;
d_amalfi_de_jure_liege;De jure liege: d_amalfi;;;;;;;;;;;
d_consenza_de_jure_liege;De jure liege: d_consenza;;;;;;;;;;;
d_reggio_de_jure_liege;De jure liege: d_reggio;;;;;;;;;;;
d_palermo_de_jure_liege;De jure liege: d_palermo;;;;;;;;;;;
d_messina_de_jure_liege;De jure liege: d_messina;;;;;;;;;;;
d_siracusa_de_jure_liege;De jure liege: d_siracusa;;;;;;;;;;;
d_agrigento_de_jure_liege;De jure liege: d_agrigento;;;;;;;;;;;
d_trapani_de_jure_liege;De jure liege: d_trapani;;;;;;;;;;;
d_malta_de_jure_liege;De jure liege: d_malta;;;;;;;;;;;
d_kartli_de_jure_liege;De jure liege: d_kartli;;;;;;;;;;;
d_tao_de_jure_liege;De jure liege: d_tao;;;;;;;;;;;
d_guria_de_jure_liege;De jure liege: d_guria;;;;;;;;;;;
d_kakheti_de_jure_liege;De jure liege: d_kakheti;;;;;;;;;;;
d_albania_de_jure_liege;De jure liege: d_albania;;;;;;;;;;;
d_derbent_de_jure_liege;De jure liege: d_derbent;;;;;;;;;;;
d_semender_de_jure_liege;De jure liege: d_semender;;;;;;;;;;;
d_imeretia_de_jure_liege;De jure liege: d_imeretia;;;;;;;;;;;
d_abkhazia_de_jure_liege;De jure liege: d_abkhazia;;;;;;;;;;;
d_venezia_de_jure_liege;De jure liege: d_venezia;;;;;;;;;;;
d_treviso_de_jure_liege;De jure liege: d_treviso;;;;;;;;;;;
d_verona_de_jure_liege;De jure liege: d_verona;;;;;;;;;;;
d_padova_de_jure_liege;De jure liege: d_padova;;;;;;;;;;;
d_mantua_de_jure_liege;De jure liege: d_mantua;;;;;;;;;;;
d_piemonte_de_jure_liege;De jure liege: d_piemonte;;;;;;;;;;;
d_saluzzo_de_jure_liege;De jure liege: d_saluzzo;;;;;;;;;;;
d_monferrato_de_jure_liege;De jure liege: d_monferrato;;;;;;;;;;;
d_brescia_de_jure_liege;De jure liege: d_brescia;;;;;;;;;;;
d_lombardia_de_jure_liege;De jure liege: d_lombardia;;;;;;;;;;;
d_trent_de_jure_liege;De jure liege: d_trent;;;;;;;;;;;
d_pavia_de_jure_liege;De jure liege: d_pavia;;;;;;;;;;;
d_cremona_de_jure_liege;De jure liege: d_cremona;;;;;;;;;;;
d_genoa_de_jure_liege;De jure liege: d_genoa;;;;;;;;;;;
d_modena_de_jure_liege;De jure liege: d_modena;;;;;;;;;;;
d_parma_de_jure_liege;De jure liege: d_parma;;;;;;;;;;;
d_bologna_de_jure_liege;De jure liege: d_bologna;;;;;;;;;;;
d_ferrara_de_jure_liege;De jure liege: d_ferrara;;;;;;;;;;;
d_ravenna_de_jure_liege;De jure liege: d_ravenna;;;;;;;;;;;
d_lucca_de_jure_liege;De jure liege: d_lucca;;;;;;;;;;;
d_firenze_de_jure_liege;De jure liege: d_firenze;;;;;;;;;;;
d_siena_de_jure_liege;De jure liege: d_siena;;;;;;;;;;;
d_pisa_de_jure_liege;De jure liege: d_pisa;;;;;;;;;;;
d_piombino_de_jure_liege;De jure liege: d_piombino;;;;;;;;;;;
d_ancona_de_jure_liege;De jure liege: d_ancona;;;;;;;;;;;
d_urbino_de_jure_liege;De jure liege: d_urbino;;;;;;;;;;;
d_spoleto_de_jure_liege;De jure liege: d_spoleto;;;;;;;;;;;
d_aprutium_de_jure_liege;De jure liege: d_aprutium;;;;;;;;;;;
d_roma_de_jure_liege;De jure liege: d_roma;;;;;;;;;;;
d_orvieto_de_jure_liege;De jure liege: d_orvieto;;;;;;;;;;;
d_orbetello_de_jure_liege;De jure liege: d_orbetello;;;;;;;;;;;
d_corsica_de_jure_liege;De jure liege: d_corsica;;;;;;;;;;;
d_arborea_de_jure_liege;De jure liege: d_arborea;;;;;;;;;;;
d_cagliari_de_jure_liege;De jure liege: d_cagliari;;;;;;;;;;;
d_uppland_de_jure_liege;De jure liege: d_uppland;;;;;;;;;;;
d_gastrikland_de_jure_liege;De jure liege: d_gastrikland;;;;;;;;;;;
d_aland_de_jure_liege;De jure liege: d_aland;;;;;;;;;;;
d_sodermanland_de_jure_liege;De jure liege: d_sodermanland;;;;;;;;;;;
d_ostergotland_de_jure_liege;De jure liege: d_ostergotland;;;;;;;;;;;
d_narke_de_jure_liege;De jure liege: d_narke;;;;;;;;;;;
d_tjust_de_jure_liege;De jure liege: d_tjust;;;;;;;;;;;
d_gotland_de_jure_liege;De jure liege: d_gotland;;;;;;;;;;;
d_vastergotland_de_jure_liege;De jure liege: d_vastergotland;;;;;;;;;;;
d_dal_de_jure_liege;De jure liege: d_dal;;;;;;;;;;;
d_viken_de_jure_liege;De jure liege: d_viken;;;;;;;;;;;
d_lappland_de_jure_liege;De jure liege: d_lappland;;;;;;;;;;;
d_vasterbotten_de_jure_liege;De jure liege: d_vasterbotten;;;;;;;;;;;
d_angermanland_de_jure_liege;De jure liege: d_angermanland;;;;;;;;;;;
d_medelpad_de_jure_liege;De jure liege: d_medelpad;;;;;;;;;;;
d_halsingland_de_jure_liege;De jure liege: d_halsingland;;;;;;;;;;;
d_dalarna_de_jure_liege;De jure liege: d_dalarna;;;;;;;;;;;
d_varmland_de_jure_liege;De jure liege: d_varmland;;;;;;;;;;;
d_vastmanland_de_jure_liege;De jure liege: d_vastmanland;;;;;;;;;;;
d_smaland_de_jure_liege;De jure liege: d_smaland;;;;;;;;;;;
d_more_de_jure_liege;De jure liege: d_more;;;;;;;;;;;
d_oland_de_jure_liege;De jure liege: d_oland;;;;;;;;;;;
d_skane_de_jure_liege;De jure liege: d_skane;;;;;;;;;;;
d_halland_de_jure_liege;De jure liege: d_halland;;;;;;;;;;;
d_bornholm_de_jure_liege;De jure liege: d_bornholm;;;;;;;;;;;
d_blekinge_de_jure_liege;De jure liege: d_blekinge;;;;;;;;;;;
d_sjaelland_de_jure_liege;De jure liege: d_sjaelland;;;;;;;;;;;
d_fyn_de_jure_liege;De jure liege: d_fyn;;;;;;;;;;;
d_slesvig_de_jure_liege;De jure liege: d_slesvig;;;;;;;;;;;
d_jylland_de_jure_liege;De jure liege: d_jylland;;;;;;;;;;;
d_hamburg_de_jure_liege;De jure liege: d_hamburg;;;;;;;;;;;
d_lubeck_de_jure_liege;De jure liege: d_lubeck;;;;;;;;;;;
d_holstein_de_jure_liege;De jure liege: d_holstein;;;;;;;;;;;
d_bremen_de_jure_liege;De jure liege: d_bremen;;;;;;;;;;;
d_vestisland_de_jure_liege;De jure liege: d_vestisland;;;;;;;;;;;
d_austisland_de_jure_liege;De jure liege: d_austisland;;;;;;;;;;;
d_faereyar_de_jure_liege;De jure liege: d_faereyar;;;;;;;;;;;
d_shetland_de_jure_liege;De jure liege: d_shetland;;;;;;;;;;;
d_orkney_de_jure_liege;De jure liege: d_orkney;;;;;;;;;;;
d_agder_de_jure_liege;De jure liege: d_agder;;;;;;;;;;;
d_rogaland_de_jure_liege;De jure liege: d_rogaland;;;;;;;;;;;
d_telemark_de_jure_liege;De jure liege: d_telemark;;;;;;;;;;;
d_bergenshus_de_jure_liege;De jure liege: d_bergenshus;;;;;;;;;;;
d_vestfold_de_jure_liege;De jure liege: d_vestfold;;;;;;;;;;;
d_akershus_de_jure_liege;De jure liege: d_akershus;;;;;;;;;;;
d_oppland_de_jure_liege;De jure liege: d_oppland;;;;;;;;;;;
d_hedmark_de_jure_liege;De jure liege: d_hedmark;;;;;;;;;;;
d_trondelag_de_jure_liege;De jure liege: d_trondelag;;;;;;;;;;;
d_naumadal_de_jure_liege;De jure liege: d_naumadal;;;;;;;;;;;
d_halogaland_de_jure_liege;De jure liege: d_halogaland;;;;;;;;;;;
d_finnmark_de_jure_liege;De jure liege: d_finnmark;;;;;;;;;;;
d_nordland_de_jure_liege;De jure liege: d_nordland;;;;;;;;;;;
d_jamtland_de_jure_liege;De jure liege: d_jamtland;;;;;;;;;;;
d_herjedalen_de_jure_liege;De jure liege: d_herjedalen;;;;;;;;;;;
d_reval_de_jure_liege;De jure liege: d_reval;;;;;;;;;;;
d_narva_de_jure_liege;De jure liege: d_narva;;;;;;;;;;;
d_vodi_de_jure_liege;De jure liege: d_vodi;;;;;;;;;;;
d_onega_de_jure_liege;De jure liege: d_onega;;;;;;;;;;;
d_karelen_de_jure_liege;De jure liege: d_karelen;;;;;;;;;;;
d_kexholm_de_jure_liege;De jure liege: d_kexholm;;;;;;;;;;;
d_kola_de_jure_liege;De jure liege: d_kola;;;;;;;;;;;
d_kandalax_de_jure_liege;De jure liege: d_kandalax;;;;;;;;;;;
d_savolaks_de_jure_liege;De jure liege: d_savolaks;;;;;;;;;;;
d_nyland_de_jure_liege;De jure liege: d_nyland;;;;;;;;;;;
d_finland_de_jure_liege;De jure liege: d_finland;;;;;;;;;;;
d_tavasts_de_jure_liege;De jure liege: d_tavasts;;;;;;;;;;;
d_satakunta_de_jure_liege;De jure liege: d_satakunta;;;;;;;;;;;
d_osterbotten_de_jure_liege;De jure liege: d_osterbotten;;;;;;;;;;;
d_kemi_de_jure_liege;De jure liege: d_kemi;;;;;;;;;;;
d_plock_de_jure_liege;De jure liege: d_plock;;;;;;;;;;;
d_czersk_de_jure_liege;De jure liege: d_czersk;;;;;;;;;;;
d_lubusz_de_jure_liege;De jure liege: d_lubusz;;;;;;;;;;;
d_gnieznienskie_de_jure_liege;De jure liege: d_gnieznienskie;;;;;;;;;;;
d_poznanskie_de_jure_liege;De jure liege: d_poznanskie;;;;;;;;;;;
d_kaliskie_de_jure_liege;De jure liege: d_kaliskie;;;;;;;;;;;
d_lower_silesia_de_jure_liege;De jure liege: d_lower_silesia;;;;;;;;;;;
d_upper_silesia_de_jure_liege;De jure liege: d_upper_silesia;;;;;;;;;;;
d_opole_de_jure_liege;De jure liege: d_opole;;;;;;;;;;;
d_cieszyn_de_jure_liege;De jure liege: d_cieszyn;;;;;;;;;;;
d_krakowskie_de_jure_liege;De jure liege: d_krakowskie;;;;;;;;;;;
d_sacz_de_jure_liege;De jure liege: d_sacz;;;;;;;;;;;
d_sandomierskie_de_jure_liege;De jure liege: d_sandomierskie;;;;;;;;;;;
d_sieradzko-leczyckie_de_jure_liege;De jure liege: d_sieradzko-leczyckie;;;;;;;;;;;
d_kujawy_de_jure_liege;De jure liege: d_kujawy;;;;;;;;;;;
d_mecklemburg_de_jure_liege;De jure liege: d_mecklemburg;;;;;;;;;;;
d_rostock_de_jure_liege;De jure liege: d_rostock;;;;;;;;;;;
d_werle_de_jure_liege;De jure liege: d_werle;;;;;;;;;;;
d_rugen_de_jure_liege;De jure liege: d_rugen;;;;;;;;;;;
d_wolgast_de_jure_liege;De jure liege: d_wolgast;;;;;;;;;;;
d_stettin_de_jure_liege;De jure liege: d_stettin;;;;;;;;;;;
d_danzig_de_jure_liege;De jure liege: d_danzig;;;;;;;;;;;
d_slupsk_de_jure_liege;De jure liege: d_slupsk;;;;;;;;;;;
d_anhalt_de_jure_liege;De jure liege: d_anhalt;;;;;;;;;;;
d_plauen_de_jure_liege;De jure liege: d_plauen;;;;;;;;;;;
d_weimar_de_jure_liege;De jure liege: d_weimar;;;;;;;;;;;
d_altmark_de_jure_liege;De jure liege: d_altmark;;;;;;;;;;;
d_brandenburg_de_jure_liege;De jure liege: d_brandenburg;;;;;;;;;;;
d_meissen_de_jure_liege;De jure liege: d_meissen;;;;;;;;;;;
d_lausitz_de_jure_liege;De jure liege: d_lausitz;;;;;;;;;;;
d_lettigalians_de_jure_liege;De jure liege: d_lettigalians;;;;;;;;;;;
d_livs_de_jure_liege;De jure liege: d_livs;;;;;;;;;;;
d_dorpat_de_jure_liege;De jure liege: d_dorpat;;;;;;;;;;;
d_osel_de_jure_liege;De jure liege: d_osel;;;;;;;;;;;
d_marienburg_de_jure_liege;De jure liege: d_marienburg;;;;;;;;;;;
d_galindia_de_jure_liege;De jure liege: d_galindia;;;;;;;;;;;
d_sambia_de_jure_liege;De jure liege: d_sambia;;;;;;;;;;;
d_chelminskie_de_jure_liege;De jure liege: d_chelminskie;;;;;;;;;;;
d_polotsk_de_jure_liege;De jure liege: d_polotsk;;;;;;;;;;;
d_lepiel_de_jure_liege;De jure liege: d_lepiel;;;;;;;;;;;
d_west_dvina_de_jure_liege;De jure liege: d_west_dvina;;;;;;;;;;;
d_aukshayts_de_jure_liege;De jure liege: d_aukshayts;;;;;;;;;;;
d_sudovia_de_jure_liege;De jure liege: d_sudovia;;;;;;;;;;;
d_yatvyagi_de_jure_liege;De jure liege: d_yatvyagi;;;;;;;;;;;
d_jacwiez_de_jure_liege;De jure liege: d_jacwiez;;;;;;;;;;;
d_podlasie_de_jure_liege;De jure liege: d_podlasie;;;;;;;;;;;
d_zemigalians_de_jure_liege;De jure liege: d_zemigalians;;;;;;;;;;;
d_kurs_de_jure_liege;De jure liege: d_kurs;;;;;;;;;;;
d_scalovia_de_jure_liege;De jure liege: d_scalovia;;;;;;;;;;;
d_memel_de_jure_liege;De jure liege: d_memel;;;;;;;;;;;
d_zhmud_de_jure_liege;De jure liege: d_zhmud;;;;;;;;;;;
d_domazlice_de_jure_liege;De jure liege: d_domazlice;;;;;;;;;;;
d_praha_de_jure_liege;De jure liege: d_praha;;;;;;;;;;;
d_boleslav_de_jure_liege;De jure liege: d_boleslav;;;;;;;;;;;
d_litomerice_de_jure_liege;De jure liege: d_litomerice;;;;;;;;;;;
d_plzen_de_jure_liege;De jure liege: d_plzen;;;;;;;;;;;
d_hradec_de_jure_liege;De jure liege: d_hradec;;;;;;;;;;;
d_olomouc_de_jure_liege;De jure liege: d_olomouc;;;;;;;;;;;
d_brno_de_jure_liege;De jure liege: d_brno;;;;;;;;;;;
d_beloozero_de_jure_liege;De jure liege: d_beloozero;;;;;;;;;;;
d_zaozerye_de_jure_liege;De jure liege: d_zaozerye;;;;;;;;;;;
d_chud_de_jure_liege;De jure liege: d_chud;;;;;;;;;;;
d_vologda_de_jure_liege;De jure liege: d_vologda;;;;;;;;;;;
d_bezhetsky_verh_de_jure_liege;De jure liege: d_bezhetsky_verh;;;;;;;;;;;
d_torzhok_de_jure_liege;De jure liege: d_torzhok;;;;;;;;;;;
d_novgorod_de_jure_liege;De jure liege: d_novgorod;;;;;;;;;;;
d_pskov_de_jure_liege;De jure liege: d_pskov;;;;;;;;;;;
d_velikiye_luki_de_jure_liege;De jure liege: d_velikiye_luki;;;;;;;;;;;
d_toropets_de_jure_liege;De jure liege: d_toropets;;;;;;;;;;;
d_pereyaslavl_zalessky_de_jure_liege;De jure liege: d_pereyaslavl_zalessky;;;;;;;;;;;
d_rostov_de_jure_liege;De jure liege: d_rostov;;;;;;;;;;;
d_uglich_de_jure_liege;De jure liege: d_uglich;;;;;;;;;;;
d_tver_de_jure_liege;De jure liege: d_tver;;;;;;;;;;;
d_vyazma_de_jure_liege;De jure liege: d_vyazma;;;;;;;;;;;
d_kostroma_de_jure_liege;De jure liege: d_kostroma;;;;;;;;;;;
d_yaroslavl_de_jure_liege;De jure liege: d_yaroslavl;;;;;;;;;;;
d_galich_mersky_de_jure_liege;De jure liege: d_galich_mersky;;;;;;;;;;;
d_gorodez_de_jure_liege;De jure liege: d_gorodez;;;;;;;;;;;
d_nizhny_novgorod_de_jure_liege;De jure liege: d_nizhny_novgorod;;;;;;;;;;;
d_suzdal_de_jure_liege;De jure liege: d_suzdal;;;;;;;;;;;
d_vladimir_de_jure_liege;De jure liege: d_vladimir;;;;;;;;;;;
d_mozhaysk_de_jure_liege;De jure liege: d_mozhaysk;;;;;;;;;;;
d_moskva_de_jure_liege;De jure liege: d_moskva;;;;;;;;;;;
d_korsun_de_jure_liege;De jure liege: d_korsun;;;;;;;;;;;
d_kiev_de_jure_liege;De jure liege: d_kiev;;;;;;;;;;;
d_terebovl_de_jure_liege;De jure liege: d_terebovl;;;;;;;;;;;
d_galich_de_jure_liege;De jure liege: d_galich;;;;;;;;;;;
d_peremyshl_de_jure_liege;De jure liege: d_peremyshl;;;;;;;;;;;
d_vladimir_volynsky_de_jure_liege;De jure liege: d_vladimir_volynsky;;;;;;;;;;;
d_beresty_de_jure_liege;De jure liege: d_beresty;;;;;;;;;;;
d_turov_de_jure_liege;De jure liege: d_turov;;;;;;;;;;;
d_pinsk_de_jure_liege;De jure liege: d_pinsk;;;;;;;;;;;
d_minsk_de_jure_liege;De jure liege: d_minsk;;;;;;;;;;;
d_orsha_de_jure_liege;De jure liege: d_orsha;;;;;;;;;;;
d_vitebsk_de_jure_liege;De jure liege: d_vitebsk;;;;;;;;;;;
d_smolensk_de_jure_liege;De jure liege: d_smolensk;;;;;;;;;;;
d_roslavl_de_jure_liege;De jure liege: d_roslavl;;;;;;;;;;;
d_mstislavl_de_jure_liege;De jure liege: d_mstislavl;;;;;;;;;;;
d_lyubech_de_jure_liege;De jure liege: d_lyubech;;;;;;;;;;;
d_chernigov_de_jure_liege;De jure liege: d_chernigov;;;;;;;;;;;
d_novgorod_seversky_de_jure_liege;De jure liege: d_novgorod_seversky;;;;;;;;;;;
d_bryansk_de_jure_liege;De jure liege: d_bryansk;;;;;;;;;;;
d_pronsk_de_jure_liege;De jure liege: d_pronsk;;;;;;;;;;;
d_murom_de_jure_liege;De jure liege: d_murom;;;;;;;;;;;
d_ryazan_de_jure_liege;De jure liege: d_ryazan;;;;;;;;;;;
d_kolomna_de_jure_liege;De jure liege: d_kolomna;;;;;;;;;;;
d_pereyaslavl_de_jure_liege;De jure liege: d_pereyaslavl;;;;;;;;;;;
d_chortitza_de_jure_liege;De jure liege: d_chortitza;;;;;;;;;;;
d_perm_de_jure_liege;De jure liege: d_perm;;;;;;;;;;;
d_votyaki_de_jure_liege;De jure liege: d_votyaki;;;;;;;;;;;
d_yamalia_de_jure_liege;De jure liege: d_yamalia;;;;;;;;;;;
d_komi_de_jure_liege;De jure liege: d_komi;;;;;;;;;;;
d_chelyabi_de_jure_liege;De jure liege: d_chelyabi;;;;;;;;;;;
d_khantia_de_jure_liege;De jure liege: d_khantia;;;;;;;;;;;
d_hlynov_de_jure_liege;De jure liege: d_hlynov;;;;;;;;;;;
d_zyriane_de_jure_liege;De jure liege: d_zyriane;;;;;;;;;;;
d_ugra_de_jure_liege;De jure liege: d_ugra;;;;;;;;;;;
d_syrj_de_jure_liege;De jure liege: d_syrj;;;;;;;;;;;
d_veliky_ustug_de_jure_liege;De jure liege: d_veliky_ustug;;;;;;;;;;;
d_romny_de_jure_liege;De jure liege: d_romny;;;;;;;;;;;
d_trans-portage_de_jure_liege;De jure liege: d_trans-portage;;;;;;;;;;;
d_north_dvina_de_jure_liege;De jure liege: d_north_dvina;;;;;;;;;;;
d_bjarmia_de_jure_liege;De jure liege: d_bjarmia;;;;;;;;;;;
d_samoyeds_de_jure_liege;De jure liege: d_samoyeds;;;;;;;;;;;
d_itil_de_jure_liege;De jure liege: d_itil;;;;;;;;;;;
d_guryev_de_jure_liege;De jure liege: d_guryev;;;;;;;;;;;
d_yaik_de_jure_liege;De jure liege: d_yaik;;;;;;;;;;;
d_uzens_de_jure_liege;De jure liege: d_uzens;;;;;;;;;;;
d_lower_volga_de_jure_liege;De jure liege: d_lower_volga;;;;;;;;;;;
d_saray_de_jure_liege;De jure liege: d_saray;;;;;;;;;;;
d_khopyor_de_jure_liege;De jure liege: d_khopyor;;;;;;;;;;;
d_sugrov_de_jure_liege;De jure liege: d_sugrov;;;;;;;;;;;
d_desht-i-kipchak_de_jure_liege;De jure liege: d_desht-i-kipchak;;;;;;;;;;;
d_sarkel_de_jure_liege;De jure liege: d_sarkel;;;;;;;;;;;
d_don_portage_de_jure_liege;De jure liege: d_don_portage;;;;;;;;;;;
d_sharukan_de_jure_liege;De jure liege: d_sharukan;;;;;;;;;;;
d_ryn_desert_de_jure_liege;De jure liege: d_ryn_desert;;;;;;;;;;;
d_aqtobe_de_jure_liege;De jure liege: d_aqtobe;;;;;;;;;;;
d_omsk_de_jure_liege;De jure liege: d_omsk;;;;;;;;;;;
d_tyumen_de_jure_liege;De jure liege: d_tyumen;;;;;;;;;;;
d_mansia_de_jure_liege;De jure liege: d_mansia;;;;;;;;;;;
d_surgut_de_jure_liege;De jure liege: d_surgut;;;;;;;;;;;
d_oral_de_jure_liege;De jure liege: d_oral;;;;;;;;;;;
d_kama_de_jure_liege;De jure liege: d_kama;;;;;;;;;;;
d_bilyar_de_jure_liege;De jure liege: d_bilyar;;;;;;;;;;;
d_bulgar_de_jure_liege;De jure liege: d_bulgar;;;;;;;;;;;
d_syrt_de_jure_liege;De jure liege: d_syrt;;;;;;;;;;;
d_southern_ural_de_jure_liege;De jure liege: d_southern_ural;;;;;;;;;;;
d_bashkirs_de_jure_liege;De jure liege: d_bashkirs;;;;;;;;;;;
d_grassland_cheremisa_de_jure_liege;De jure liege: d_grassland_cheremisa;;;;;;;;;;;
d_merya_de_jure_liege;De jure liege: d_merya;;;;;;;;;;;
d_chuvash_de_jure_liege;De jure liege: d_chuvash;;;;;;;;;;;
d_mountain_cheremisa_de_jure_liege;De jure liege: d_mountain_cheremisa;;;;;;;;;;;
d_burtasy_de_jure_liege;De jure liege: d_burtasy;;;;;;;;;;;
d_mordva_de_jure_liege;De jure liege: d_mordva;;;;;;;;;;;
d_theodosia_de_jure_liege;De jure liege: d_theodosia;;;;;;;;;;;
d_korchev_de_jure_liege;De jure liege: d_korchev;;;;;;;;;;;
d_cherson_de_jure_liege;De jure liege: d_cherson;;;;;;;;;;;
d_tmutarakan_de_jure_liege;De jure liege: d_tmutarakan;;;;;;;;;;;
d_lower_don_de_jure_liege;De jure liege: d_lower_don;;;;;;;;;;;
d_oleshye_de_jure_liege;De jure liege: d_oleshye;;;;;;;;;;;
d_lukomorie_de_jure_liege;De jure liege: d_lukomorie;;;;;;;;;;;
d_lower_dniepr_de_jure_liege;De jure liege: d_lower_dniepr;;;;;;;;;;;
d_crimea_de_jure_liege;De jure liege: d_crimea;;;;;;;;;;;
d_kasogs_de_jure_liege;De jure liege: d_kasogs;;;;;;;;;;;
d_yegorlyk_de_jure_liege;De jure liege: d_yegorlyk;;;;;;;;;;;
d_manych_de_jure_liege;De jure liege: d_manych;;;;;;;;;;;
d_alania_de_jure_liege;De jure liege: d_alania;;;;;;;;;;;
d_kuma_de_jure_liege;De jure liege: d_kuma;;;;;;;;;;;
d_tana_de_jure_liege;De jure liege: d_tana;;;;;;;;;;;
d_azov_de_jure_liege;De jure liege: d_azov;;;;;;;;;;;
d_kuban_de_jure_liege;De jure liege: d_kuban;;;;;;;;;;;
d_sarpa_de_jure_liege;De jure liege: d_sarpa;;;;;;;;;;;
d_kyzylorda_de_jure_liege;De jure liege: d_kyzylorda;;;;;;;;;;;
d_khwarizm_de_jure_liege;De jure liege: d_khwarizm;;;;;;;;;;;
d_emba_de_jure_liege;De jure liege: d_emba;;;;;;;;;;;
d_mangyshlak_de_jure_liege;De jure liege: d_mangyshlak;;;;;;;;;;;
d_aral_de_jure_liege;De jure liege: d_aral;;;;;;;;;;;
d_usturt_de_jure_liege;De jure liege: d_usturt;;;;;;;;;;;
d_merv_de_jure_liege;De jure liege: d_merv;;;;;;;;;;;
d_dihistan_de_jure_liege;De jure liege: d_dihistan;;;;;;;;;;;
d_gurgan_de_jure_liege;De jure liege: d_gurgan;;;;;;;;;;;
d_khorasan_de_jure_liege;De jure liege: d_khorasan;;;;;;;;;;;
d_nishapur_de_jure_liege;De jure liege: d_nishapur;;;;;;;;;;;
d_qohistan_de_jure_liege;De jure liege: d_qohistan;;;;;;;;;;;
d_lut_de_jure_liege;De jure liege: d_lut;;;;;;;;;;;
d_tabaristan_de_jure_liege;De jure liege: d_tabaristan;;;;;;;;;;;
d_mazandaran_de_jure_liege;De jure liege: d_mazandaran;;;;;;;;;;;
d_dailam_de_jure_liege;De jure liege: d_dailam;;;;;;;;;;;
d_esfahan_de_jure_liege;De jure liege: d_esfahan;;;;;;;;;;;
d_yazd_de_jure_liege;De jure liege: d_yazd;;;;;;;;;;;
d_avhaz_de_jure_liege;De jure liege: d_avhaz;;;;;;;;;;;
d_shiraz_de_jure_liege;De jure liege: d_shiraz;;;;;;;;;;;
d_sistan_de_jure_liege;De jure liege: d_sistan;;;;;;;;;;;
d_hormuz_de_jure_liege;De jure liege: d_hormuz;;;;;;;;;;;
d_kerman_de_jure_liege;De jure liege: d_kerman;;;;;;;;;;;
d_ladistan_de_jure_liege;De jure liege: d_ladistan;;;;;;;;;;;
d_zermanya_de_jure_liege;De jure liege: d_zermanya;;;;;;;;;;;
d_fars_de_jure_liege;De jure liege: d_fars;;;;;;;;;;;
d_hendjan_de_jure_liege;De jure liege: d_hendjan;;;;;;;;;;;
d_khozistan_de_jure_liege;De jure liege: d_khozistan;;;;;;;;;;;
d_qom_de_jure_liege;De jure liege: d_qom;;;;;;;;;;;
d_hamadan_de_jure_liege;De jure liege: d_hamadan;;;;;;;;;;;
d_rayy_de_jure_liege;De jure liege: d_rayy;;;;;;;;;;;
d_qwivir_de_jure_liege;De jure liege: d_qwivir;;;;;;;;;;;
d_birjand_de_jure_liege;De jure liege: d_birjand;;;;;;;;;;;
d_farrah_de_jure_liege;De jure liege: d_farrah;;;;;;;;;;;
d_zahedan_de_jure_liege;De jure liege: d_zahedan;;;;;;;;;;;
d_bam_de_jure_liege;De jure liege: d_bam;;;;;;;;;;;
d_jask_de_jure_liege;De jure liege: d_jask;;;;;;;;;;;
d_tis_de_jure_liege;De jure liege: d_tis;;;;;;;;;;;
d_sabzevar_de_jure_liege;De jure liege: d_sabzevar;;;;;;;;;;;
d_baluchistan_de_jure_liege;De jure liege: d_baluchistan;;;;;;;;;;;
d_oromieh_de_jure_liege;De jure liege: d_oromieh;;;;;;;;;;;
d_gilan_de_jure_liege;De jure liege: d_gilan;;;;;;;;;;;
d_tabriz_de_jure_liege;De jure liege: d_tabriz;;;;;;;;;;;
d_shirvan_de_jure_liege;De jure liege: d_shirvan;;;;;;;;;;;
d_azerbaijan_de_jure_liege;De jure liege: d_azerbaijan;;;;;;;;;;;
d_suenik_de_jure_liege;De jure liege: d_suenik;;;;;;;;;;;
d_shemakha_de_jure_liege;De jure liege: d_shemakha;;;;;;;;;;;
d_maverannahr_de_jure_liege;De jure liege: d_maverannahr;;;;;;;;;;;
d_khiva_de_jure_liege;De jure liege: d_khiva;;;;;;;;;;;
d_dashhowuz_de_jure_liege;De jure liege: d_dashhowuz;;;;;;;;;;;
d_samarkand_de_jure_liege;De jure liege: d_samarkand;;;;;;;;;;;
d_balkh_de_jure_liege;De jure liege: d_balkh;;;;;;;;;;;
d_herat_de_jure_liege;De jure liege: d_herat;;;;;;;;;;;
d_kara-kum_de_jure_liege;De jure liege: d_kara-kum;;;;;;;;;;;
d_bukhara_de_jure_liege;De jure liege: d_bukhara;;;;;;;;;;;
d_turkmen_de_jure_liege;De jure liege: d_turkmen;;;;;;;;;;;
d_qazwin_de_jure_liege;De jure liege: d_qazwin;;;;;;;;;;;
d_kermanshah_de_jure_liege;De jure liege: d_kermanshah;;;;;;;;;;;
d_luristan_de_jure_liege;De jure liege: d_luristan;;;;;;;;;;;
d_al_nadjaf_de_jure_liege;De jure liege: d_al_nadjaf;;;;;;;;;;;
d_ilam_de_jure_liege;De jure liege: d_ilam;;;;;;;;;;;
d_tigris_de_jure_liege;De jure liege: d_tigris;;;;;;;;;;;
d_al_amarah_de_jure_liege;De jure liege: d_al_amarah;;;;;;;;;;;
d_al_nasiryah_de_jure_liege;De jure liege: d_al_nasiryah;;;;;;;;;;;
d_kufa_de_jure_liege;De jure liege: d_kufa;;;;;;;;;;;
d_rummah_de_jure_liege;De jure liege: d_rummah;;;;;;;;;;;
d_kuwait_de_jure_liege;De jure liege: d_kuwait;;;;;;;;;;;
d_basra_de_jure_liege;De jure liege: d_basra;;;;;;;;;;;
d_karbala_de_jure_liege;De jure liege: d_karbala;;;;;;;;;;;
d_baghdad_de_jure_liege;De jure liege: d_baghdad;;;;;;;;;;;
d_al_habbariyah_de_jure_liege;De jure liege: d_al_habbariyah;;;;;;;;;;;
d_deir_de_jure_liege;De jure liege: d_deir;;;;;;;;;;;
d_euphrates_de_jure_liege;De jure liege: d_euphrates;;;;;;;;;;;
d_kirkuk_de_jure_liege;De jure liege: d_kirkuk;;;;;;;;;;;
d_mosul_de_jure_liege;De jure liege: d_mosul;;;;;;;;;;;
d_kurdistan_de_jure_liege;De jure liege: d_kurdistan;;;;;;;;;;;
d_sinjar_de_jure_liege;De jure liege: d_sinjar;;;;;;;;;;;
d_bira_de_jure_liege;De jure liege: d_bira;;;;;;;;;;;
d_al_jazira_de_jure_liege;De jure liege: d_al_jazira;;;;;;;;;;;
d_amida_de_jure_liege;De jure liege: d_amida;;;;;;;;;;;
d_nisibin_de_jure_liege;De jure liege: d_nisibin;;;;;;;;;;;
d_turnu_de_jure_liege;De jure liege: d_turnu;;;;;;;;;;;
d_tirgoviste_de_jure_liege;De jure liege: d_tirgoviste;;;;;;;;;;;
d_severin_de_jure_liege;De jure liege: d_severin;;;;;;;;;;;
d_galaz_de_jure_liege;De jure liege: d_galaz;;;;;;;;;;;
d_peresechen_de_jure_liege;De jure liege: d_peresechen;;;;;;;;;;;
d_torki_de_jure_liege;De jure liege: d_torki;;;;;;;;;;;
d_olvia_de_jure_liege;De jure liege: d_olvia;;;;;;;;;;;
d_belgorod_de_jure_liege;De jure liege: d_belgorod;;;;;;;;;;;
d_birlad_de_jure_liege;De jure liege: d_birlad;;;;;;;;;;;
d_pecs_de_jure_liege;De jure liege: d_pecs;;;;;;;;;;;
d_szekezfehervar_de_jure_liege;De jure liege: d_szekezfehervar;;;;;;;;;;;
d_vas_de_jure_liege;De jure liege: d_vas;;;;;;;;;;;
d_fejer_de_jure_liege;De jure liege: d_fejer;;;;;;;;;;;
d_sopron_de_jure_liege;De jure liege: d_sopron;;;;;;;;;;;
d_esztergom_de_jure_liege;De jure liege: d_esztergom;;;;;;;;;;;
d_pressburg_de_jure_liege;De jure liege: d_pressburg;;;;;;;;;;;
d_nitra_de_jure_liege;De jure liege: d_nitra;;;;;;;;;;;
d_trencin_de_jure_liege;De jure liege: d_trencin;;;;;;;;;;;
d_gemer_de_jure_liege;De jure liege: d_gemer;;;;;;;;;;;
d_orava_de_jure_liege;De jure liege: d_orava;;;;;;;;;;;
d_saris_de_jure_liege;De jure liege: d_saris;;;;;;;;;;;
d_bereg_de_jure_liege;De jure liege: d_bereg;;;;;;;;;;;
d_abauj_de_jure_liege;De jure liege: d_abauj;;;;;;;;;;;
d_marmaros_de_jure_liege;De jure liege: d_marmaros;;;;;;;;;;;
d_heves_de_jure_liege;De jure liege: d_heves;;;;;;;;;;;
d_pest_de_jure_liege;De jure liege: d_pest;;;;;;;;;;;
d_csanad_de_jure_liege;De jure liege: d_csanad;;;;;;;;;;;
d_szekelyfold_de_jure_liege;De jure liege: d_szekelyfold;;;;;;;;;;;
d_bihar_de_jure_liege;De jure liege: d_bihar;;;;;;;;;;;
d_feher_de_jure_liege;De jure liege: d_feher;;;;;;;;;;;
d_temes_de_jure_liege;De jure liege: d_temes;;;;;;;;;;;
d_bacs_de_jure_liege;De jure liege: d_bacs;;;;;;;;;;;
d_tourraine_de_jure_liege;De jure liege: d_tourraine;;;;;;;;;;;
d_bourges_de_jure_liege;De jure liege: d_bourges;;;;;;;;;;;
d_anjou_de_jure_liege;De jure liege: d_anjou;;;;;;;;;;;
d_maine_de_jure_liege;De jure liege: d_maine;;;;;;;;;;;
d_evreux_de_jure_liege;De jure liege: d_evreux;;;;;;;;;;;
d_avranches_de_jure_liege;De jure liege: d_avranches;;;;;;;;;;;
d_vexin_de_jure_liege;De jure liege: d_vexin;;;;;;;;;;;
d_arques_de_jure_liege;De jure liege: d_arques;;;;;;;;;;;
d_eu_de_jure_liege;De jure liege: d_eu;;;;;;;;;;;
d_orleans_de_jure_liege;De jure liege: d_orleans;;;;;;;;;;;
d_blois_de_jure_liege;De jure liege: d_blois;;;;;;;;;;;
d_vendome_de_jure_liege;De jure liege: d_vendome;;;;;;;;;;;
d_chartres_de_jure_liege;De jure liege: d_chartres;;;;;;;;;;;
d_troyes_de_jure_liege;De jure liege: d_troyes;;;;;;;;;;;
d_reims_de_jure_liege;De jure liege: d_reims;;;;;;;;;;;
d_sens_de_jure_liege;De jure liege: d_sens;;;;;;;;;;;
d_ile_de_france_de_jure_liege;De jure liege: d_ile_de_france;;;;;;;;;;;
d_vermandois_de_jure_liege;De jure liege: d_vermandois;;;;;;;;;;;
d_amiens_de_jure_liege;De jure liege: d_amiens;;;;;;;;;;;
d_chalons_de_jure_liege;De jure liege: d_chalons;;;;;;;;;;;
d_auxerre_de_jure_liege;De jure liege: d_auxerre;;;;;;;;;;;
d_macon_de_jure_liege;De jure liege: d_macon;;;;;;;;;;;
d_dijon_de_jure_liege;De jure liege: d_dijon;;;;;;;;;;;
d_nevers_de_jure_liege;De jure liege: d_nevers;;;;;;;;;;;
d_charolais_de_jure_liege;De jure liege: d_charolais;;;;;;;;;;;
d_bordeaux_de_jure_liege;De jure liege: d_bordeaux;;;;;;;;;;;
d_agen_de_jure_liege;De jure liege: d_agen;;;;;;;;;;;
d_perigord_de_jure_liege;De jure liege: d_perigord;;;;;;;;;;;
d_angouleme_de_jure_liege;De jure liege: d_angouleme;;;;;;;;;;;
d_montpellier_de_jure_liege;De jure liege: d_montpellier;;;;;;;;;;;
d_narbonne_de_jure_liege;De jure liege: d_narbonne;;;;;;;;;;;
d_carcassonne_de_jure_liege;De jure liege: d_carcassonne;;;;;;;;;;;
d_toulouse_de_jure_liege;De jure liege: d_toulouse;;;;;;;;;;;
d_rouergue_de_jure_liege;De jure liege: d_rouergue;;;;;;;;;;;
d_foix_de_jure_liege;De jure liege: d_foix;;;;;;;;;;;
d_bearn_de_jure_liege;De jure liege: d_bearn;;;;;;;;;;;
d_armagnac_de_jure_liege;De jure liege: d_armagnac;;;;;;;;;;;
d_labourd_de_jure_liege;De jure liege: d_labourd;;;;;;;;;;;
d_albret_de_jure_liege;De jure liege: d_albret;;;;;;;;;;;
d_lusignan_de_jure_liege;De jure liege: d_lusignan;;;;;;;;;;;
d_saintonge_de_jure_liege;De jure liege: d_saintonge;;;;;;;;;;;
d_poitiers_de_jure_liege;De jure liege: d_poitiers;;;;;;;;;;;
d_thouars_de_jure_liege;De jure liege: d_thouars;;;;;;;;;;;
d_auvergne_de_jure_liege;De jure liege: d_auvergne;;;;;;;;;;;
d_gevaudan_de_jure_liege;De jure liege: d_gevaudan;;;;;;;;;;;
d_bourbon_de_jure_liege;De jure liege: d_bourbon;;;;;;;;;;;
d_limousin_de_jure_liege;De jure liege: d_limousin;;;;;;;;;;;
d_la_marche_de_jure_liege;De jure liege: d_la_marche;;;;;;;;;;;
d_nantes_de_jure_liege;De jure liege: d_nantes;;;;;;;;;;;
d_vannes_de_jure_liege;De jure liege: d_vannes;;;;;;;;;;;
d_cornouaille_de_jure_liege;De jure liege: d_cornouaille;;;;;;;;;;;
d_french_leon_de_jure_liege;De jure liege: d_french_leon;;;;;;;;;;;
d_penthievre_de_jure_liege;De jure liege: d_penthievre;;;;;;;;;;;
d_rennes_de_jure_liege;De jure liege: d_rennes;;;;;;;;;;;
d_provence_de_jure_liege;De jure liege: d_provence;;;;;;;;;;;
d_forcalquier_de_jure_liege;De jure liege: d_forcalquier;;;;;;;;;;;
d_venaissin_de_jure_liege;De jure liege: d_venaissin;;;;;;;;;;;
d_nice_de_jure_liege;De jure liege: d_nice;;;;;;;;;;;
d_savoie_de_jure_liege;De jure liege: d_savoie;;;;;;;;;;;
d_valais_de_jure_liege;De jure liege: d_valais;;;;;;;;;;;
d_geneve_de_jure_liege;De jure liege: d_geneve;;;;;;;;;;;
d_dauphine_viennois_de_jure_liege;De jure liege: d_dauphine_viennois;;;;;;;;;;;
d_lyon_de_jure_liege;De jure liege: d_lyon;;;;;;;;;;;
d_forez_de_jure_liege;De jure liege: d_forez;;;;;;;;;;;
d_viviers_de_jure_liege;De jure liege: d_viviers;;;;;;;;;;;
d_grisons_de_jure_liege;De jure liege: d_grisons;;;;;;;;;;;
d_neuchatel_de_jure_liege;De jure liege: d_neuchatel;;;;;;;;;;;
d_bern_de_jure_liege;De jure liege: d_bern;;;;;;;;;;;
d_schwyz_de_jure_liege;De jure liege: d_schwyz;;;;;;;;;;;
d_aargau_de_jure_liege;De jure liege: d_aargau;;;;;;;;;;;
d_besancon_de_jure_liege;De jure liege: d_besancon;;;;;;;;;;;
d_burgos_de_jure_liege;De jure liege: d_burgos;;;;;;;;;;;
d_valladolid_de_jure_liege;De jure liege: d_valladolid;;;;;;;;;;;
d_soria_de_jure_liege;De jure liege: d_soria;;;;;;;;;;;
d_asturias_de_santillana_de_jure_liege;De jure liege: d_asturias_de_santillana;;;;;;;;;;;
d_albarracin_de_jure_liege;De jure liege: d_albarracin;;;;;;;;;;;
d_alto_aragon_de_jure_liege;De jure liege: d_alto_aragon;;;;;;;;;;;
d_zaragoza_de_jure_liege;De jure liege: d_zaragoza;;;;;;;;;;;
d_calatayud_de_jure_liege;De jure liege: d_calatayud;;;;;;;;;;;
d_barcelona_de_jure_liege;De jure liege: d_barcelona;;;;;;;;;;;
d_urgell_de_jure_liege;De jure liege: d_urgell;;;;;;;;;;;
d_rosello_de_jure_liege;De jure liege: d_rosello;;;;;;;;;;;
d_empuries_de_jure_liege;De jure liege: d_empuries;;;;;;;;;;;
d_lleida_de_jure_liege;De jure liege: d_lleida;;;;;;;;;;;
d_tarragona_de_jure_liege;De jure liege: d_tarragona;;;;;;;;;;;
d_castellon_de_jure_liege;De jure liege: d_castellon;;;;;;;;;;;
d_valencia_de_jure_liege;De jure liege: d_valencia;;;;;;;;;;;
d_denia_de_jure_liege;De jure liege: d_denia;;;;;;;;;;;
d_mallorca_de_jure_liege;De jure liege: d_mallorca;;;;;;;;;;;
d_menorca_de_jure_liege;De jure liege: d_menorca;;;;;;;;;;;
d_viscaya_de_jure_liege;De jure liege: d_viscaya;;;;;;;;;;;
d_navarra_de_jure_liege;De jure liege: d_navarra;;;;;;;;;;;
d_najera_de_jure_liege;De jure liege: d_najera;;;;;;;;;;;
d_asturias_de_oviedo_de_jure_liege;De jure liege: d_asturias_de_oviedo;;;;;;;;;;;
d_astorga_de_jure_liege;De jure liege: d_astorga;;;;;;;;;;;
d_leon_de_jure_liege;De jure liege: d_leon;;;;;;;;;;;
d_zamora_de_jure_liege;De jure liege: d_zamora;;;;;;;;;;;
d_salamanca_de_jure_liege;De jure liege: d_salamanca;;;;;;;;;;;
d_coruna_de_jure_liege;De jure liege: d_coruna;;;;;;;;;;;
d_santiago_de_jure_liege;De jure liege: d_santiago;;;;;;;;;;;
d_porto_de_jure_liege;De jure liege: d_porto;;;;;;;;;;;
d_braganza_de_jure_liege;De jure liege: d_braganza;;;;;;;;;;;
d_castelo_branco_de_jure_liege;De jure liege: d_castelo_branco;;;;;;;;;;;
d_coimbra_de_jure_liege;De jure liege: d_coimbra;;;;;;;;;;;
d_lisboa_de_jure_liege;De jure liege: d_lisboa;;;;;;;;;;;
d_evora_de_jure_liege;De jure liege: d_evora;;;;;;;;;;;
d_alcacer_do_sal_de_jure_liege;De jure liege: d_alcacer_do_sal;;;;;;;;;;;
d_mertola_de_jure_liege;De jure liege: d_mertola;;;;;;;;;;;
d_silves_de_jure_liege;De jure liege: d_silves;;;;;;;;;;;
d_faro_de_jure_liege;De jure liege: d_faro;;;;;;;;;;;
d_cordoba_de_jure_liege;De jure liege: d_cordoba;;;;;;;;;;;
d_la_mancha_de_jure_liege;De jure liege: d_la_mancha;;;;;;;;;;;
d_calatrava_de_jure_liege;De jure liege: d_calatrava;;;;;;;;;;;
d_almansa_de_jure_liege;De jure liege: d_almansa;;;;;;;;;;;
d_murcia_de_jure_liege;De jure liege: d_murcia;;;;;;;;;;;
d_granada_de_jure_liege;De jure liege: d_granada;;;;;;;;;;;
d_almeria_de_jure_liege;De jure liege: d_almeria;;;;;;;;;;;
d_malaga_de_jure_liege;De jure liege: d_malaga;;;;;;;;;;;
d_sevilla_de_jure_liege;De jure liege: d_sevilla;;;;;;;;;;;
d_cadiz_de_jure_liege;De jure liege: d_cadiz;;;;;;;;;;;
d_algeciras_de_jure_liege;De jure liege: d_algeciras;;;;;;;;;;;
d_aracena_de_jure_liege;De jure liege: d_aracena;;;;;;;;;;;
d_niebla_de_jure_liege;De jure liege: d_niebla;;;;;;;;;;;
d_plasencia_de_jure_liege;De jure liege: d_plasencia;;;;;;;;;;;
d_alcantara_de_jure_liege;De jure liege: d_alcantara;;;;;;;;;;;
d_caceres_de_jure_liege;De jure liege: d_caceres;;;;;;;;;;;
d_badajoz_de_jure_liege;De jure liege: d_badajoz;;;;;;;;;;;
d_toledo_de_jure_liege;De jure liege: d_toledo;;;;;;;;;;;
d_molina_de_jure_liege;De jure liege: d_molina;;;;;;;;;;;
d_cuenca_de_jure_liege;De jure liege: d_cuenca;;;;;;;;;;;
d_al_aqabah_de_jure_liege;De jure liege: d_al_aqabah;;;;;;;;;;;
d_ar_ar_de_jure_liege;De jure liege: d_ar_ar;;;;;;;;;;;
d_maan_de_jure_liege;De jure liege: d_maan;;;;;;;;;;;
d_tabuk_de_jure_liege;De jure liege: d_tabuk;;;;;;;;;;;
d_petra_de_jure_liege;De jure liege: d_petra;;;;;;;;;;;
d_al_jawf_de_jure_liege;De jure liege: d_al_jawf;;;;;;;;;;;
d_hijaz_de_jure_liege;De jure liege: d_hijaz;;;;;;;;;;;
d_medina_de_jure_liege;De jure liege: d_medina;;;;;;;;;;;
d_mecca_de_jure_liege;De jure liege: d_mecca;;;;;;;;;;;
d_asir_de_jure_liege;De jure liege: d_asir;;;;;;;;;;;
d_bayda_de_jure_liege;De jure liege: d_bayda;;;;;;;;;;;
d_sanaa_de_jure_liege;De jure liege: d_sanaa;;;;;;;;;;;
d_taizz_de_jure_liege;De jure liege: d_taizz;;;;;;;;;;;
d_aden_de_jure_liege;De jure liege: d_aden;;;;;;;;;;;
d_kathiri_de_jure_liege;De jure liege: d_kathiri;;;;;;;;;;;
d_dhu_zabi_de_jure_liege;De jure liege: d_dhu_zabi;;;;;;;;;;;
d_hajar_de_jure_liege;De jure liege: d_hajar;;;;;;;;;;;
d_muscat_de_jure_liege;De jure liege: d_muscat;;;;;;;;;;;
d_duqm_de_jure_liege;De jure liege: d_duqm;;;;;;;;;;;
d_dhofar_de_jure_liege;De jure liege: d_dhofar;;;;;;;;;;;
d_mahra_de_jure_liege;De jure liege: d_mahra;;;;;;;;;;;
d_rafha_de_jure_liege;De jure liege: d_rafha;;;;;;;;;;;
d_hail_de_jure_liege;De jure liege: d_hail;;;;;;;;;;;
d_hajr_de_jure_liege;De jure liege: d_hajr;;;;;;;;;;;
d_halaban_de_jure_liege;De jure liege: d_halaban;;;;;;;;;;;
d_damman_de_jure_liege;De jure liege: d_damman;;;;;;;;;;;
d_al_hasa_de_jure_liege;De jure liege: d_al_hasa;;;;;;;;;;;
d_bahrein_de_jure_liege;De jure liege: d_bahrein;;;;;;;;;;;
d_alexandria_de_jure_liege;De jure liege: d_alexandria;;;;;;;;;;;
d_al_alamayn_de_jure_liege;De jure liege: d_al_alamayn;;;;;;;;;;;
d_quattara_de_jure_liege;De jure liege: d_quattara;;;;;;;;;;;
d_buhairya_de_jure_liege;De jure liege: d_buhairya;;;;;;;;;;;
d_gizeh_de_jure_liege;De jure liege: d_gizeh;;;;;;;;;;;
d_gabiyaha_de_jure_liege;De jure liege: d_gabiyaha;;;;;;;;;;;
d_delta_de_jure_liege;De jure liege: d_delta;;;;;;;;;;;
d_pelusia_de_jure_liege;De jure liege: d_pelusia;;;;;;;;;;;
d_manupura_de_jure_liege;De jure liege: d_manupura;;;;;;;;;;;
d_cairo_de_jure_liege;De jure liege: d_cairo;;;;;;;;;;;
d_sarqihya_de_jure_liege;De jure liege: d_sarqihya;;;;;;;;;;;
d_aswan_de_jure_liege;De jure liege: d_aswan;;;;;;;;;;;
d_quena_de_jure_liege;De jure liege: d_quena;;;;;;;;;;;
d_asyut_de_jure_liege;De jure liege: d_asyut;;;;;;;;;;;
d_farama_de_jure_liege;De jure liege: d_farama;;;;;;;;;;;
d_sinai_de_jure_liege;De jure liege: d_sinai;;;;;;;;;;;
d_eilat_de_jure_liege;De jure liege: d_eilat;;;;;;;;;;;
d_el-arish_de_jure_liege;De jure liege: d_el-arish;;;;;;;;;;;
d_negev_de_jure_liege;De jure liege: d_negev;;;;;;;;;;;
d_monreal_de_jure_liege;De jure liege: d_monreal;;;;;;;;;;;
d_kerak_de_jure_liege;De jure liege: d_kerak;;;;;;;;;;;
d_madaba_de_jure_liege;De jure liege: d_madaba;;;;;;;;;;;
d_darum_de_jure_liege;De jure liege: d_darum;;;;;;;;;;;
d_jaffa_de_jure_liege;De jure liege: d_jaffa;;;;;;;;;;;
d_ascalon_de_jure_liege;De jure liege: d_ascalon;;;;;;;;;;;
d_beersheb_de_jure_liege;De jure liege: d_beersheb;;;;;;;;;;;
d_jerusalem_de_jure_liege;De jure liege: d_jerusalem;;;;;;;;;;;
d_acre_de_jure_liege;De jure liege: d_acre;;;;;;;;;;;
d_hebron_de_jure_liege;De jure liege: d_hebron;;;;;;;;;;;
d_tiberias_de_jure_liege;De jure liege: d_tiberias;;;;;;;;;;;
d_tyrus_de_jure_liege;De jure liege: d_tyrus;;;;;;;;;;;
d_beirut_de_jure_liege;De jure liege: d_beirut;;;;;;;;;;;
d_safed_de_jure_liege;De jure liege: d_safed;;;;;;;;;;;
d_asas_de_jure_liege;De jure liege: d_asas;;;;;;;;;;;
d_palmyra_de_jure_liege;De jure liege: d_palmyra;;;;;;;;;;;
d_aleppo_de_jure_liege;De jure liege: d_aleppo;;;;;;;;;;;
d_homs_de_jure_liege;De jure liege: d_homs;;;;;;;;;;;
d_hama_de_jure_liege;De jure liege: d_hama;;;;;;;;;;;
d_antiocheia_de_jure_liege;De jure liege: d_antiocheia;;;;;;;;;;;
d_archa_de_jure_liege;De jure liege: d_archa;;;;;;;;;;;
d_alexandretta_de_jure_liege;De jure liege: d_alexandretta;;;;;;;;;;;
d_tortosa_de_jure_liege;De jure liege: d_tortosa;;;;;;;;;;;
d_tripoli_de_jure_liege;De jure liege: d_tripoli;;;;;;;;;;;
d_baalbek_de_jure_liege;De jure liege: d_baalbek;;;;;;;;;;;
d_damascus_de_jure_liege;De jure liege: d_damascus;;;;;;;;;;;
d_irbid_de_jure_liege;De jure liege: d_irbid;;;;;;;;;;;
d_al_mafraq_de_jure_liege;De jure liege: d_al_mafraq;;;;;;;;;;;
d_az_zarqa_de_jure_liege;De jure liege: d_az_zarqa;;;;;;;;;;;
d_amman_de_jure_liege;De jure liege: d_amman;;;;;;;;;;;
d_syria_de_jure_liege;De jure liege: d_syria;;;;;;;;;;;
d_druz_de_jure_liege;De jure liege: d_druz;;;;;;;;;;;
d_suwaida_de_jure_liege;De jure liege: d_suwaida;;;;;;;;;;;
d_tadmor_de_jure_liege;De jure liege: d_tadmor;;;;;;;;;;;
d_al_bichri_de_jure_liege;De jure liege: d_al_bichri;;;;;;;;;;;
d_marrakech_de_jure_liege;De jure liege: d_marrakech;;;;;;;;;;;
d_tharasset_de_jure_liege;De jure liege: d_tharasset;;;;;;;;;;;
d_ifni_de_jure_liege;De jure liege: d_ifni;;;;;;;;;;;
d_anti-atlas_de_jure_liege;De jure liege: d_anti-atlas;;;;;;;;;;;
d_massat_de_jure_liege;De jure liege: d_massat;;;;;;;;;;;
d_canarias_de_jure_liege;De jure liege: d_canarias;;;;;;;;;;;
d_infa_de_jure_liege;De jure liege: d_infa;;;;;;;;;;;
d_tangiers_de_jure_liege;De jure liege: d_tangiers;;;;;;;;;;;
d_cebta_de_jure_liege;De jure liege: d_cebta;;;;;;;;;;;
d_fes_de_jure_liege;De jure liege: d_fes;;;;;;;;;;;
d_el_rif_de_jure_liege;De jure liege: d_el_rif;;;;;;;;;;;
d_figuig_de_jure_liege;De jure liege: d_figuig;;;;;;;;;;;
d_sijilmasa_de_jure_liege;De jure liege: d_sijilmasa;;;;;;;;;;;
d_atlas_mnt_de_jure_liege;De jure liege: d_atlas_mnt;;;;;;;;;;;
d_lemdiyya_de_jure_liege;De jure liege: d_lemdiyya;;;;;;;;;;;
d_al_djazair_de_jure_liege;De jure liege: d_al_djazair;;;;;;;;;;;
d_mzab_de_jure_liege;De jure liege: d_mzab;;;;;;;;;;;
d_ouled_nail_de_jure_liege;De jure liege: d_ouled_nail;;;;;;;;;;;
d_biskra_de_jure_liege;De jure liege: d_biskra;;;;;;;;;;;
d_tlemcen_de_jure_liege;De jure liege: d_tlemcen;;;;;;;;;;;
d_orania_de_jure_liege;De jure liege: d_orania;;;;;;;;;;;
d_hanyan_de_jure_liege;De jure liege: d_hanyan;;;;;;;;;;;
d_snassen_de_jure_liege;De jure liege: d_snassen;;;;;;;;;;;
d_tunis_de_jure_liege;De jure liege: d_tunis;;;;;;;;;;;
d_medjerda_de_jure_liege;De jure liege: d_medjerda;;;;;;;;;;;
d_bizerte_de_jure_liege;De jure liege: d_bizerte;;;;;;;;;;;
d_kairwan_de_jure_liege;De jure liege: d_kairwan;;;;;;;;;;;
d_mahdia_de_jure_liege;De jure liege: d_mahdia;;;;;;;;;;;
d_gabes_de_jure_liege;De jure liege: d_gabes;;;;;;;;;;;
d_tripolitana_de_jure_liege;De jure liege: d_tripolitana;;;;;;;;;;;
d_djerba_de_jure_liege;De jure liege: d_djerba;;;;;;;;;;;
d_leptis_magna_de_jure_liege;De jure liege: d_leptis_magna;;;;;;;;;;;
d_syrte_de_jure_liege;De jure liege: d_syrte;;;;;;;;;;;
d_cyrenaica_de_jure_liege;De jure liege: d_cyrenaica;;;;;;;;;;;
d_senoussi_de_jure_liege;De jure liege: d_senoussi;;;;;;;;;;;
d_benghazi_de_jure_liege;De jure liege: d_benghazi;;;;;;;;;;;
d_tobruk_de_jure_liege;De jure liege: d_tobruk;;;;;;;;;;;
d_beni_yanni_de_jure_liege;De jure liege: d_beni_yanni;;;;;;;;;;;
d_tell_atlas_de_jure_liege;De jure liege: d_tell_atlas;;;;;;;;;;;
d_constantine_de_jure_liege;De jure liege: d_constantine;;;;;;;;;;;
d_bejaija_de_jure_liege;De jure liege: d_bejaija;;;;;;;;;;;
d_annaba_de_jure_liege;De jure liege: d_annaba;;;;;;;;;;;
d_busaso_de_jure_liege;De jure liege: d_busaso;;;;;;;;;;;
d_berbera_de_jure_liege;De jure liege: d_berbera;;;;;;;;;;;
d_harer_de_jure_liege;De jure liege: d_harer;;;;;;;;;;;
d_tadjoura_de_jure_liege;De jure liege: d_tadjoura;;;;;;;;;;;
d_aksum_de_jure_liege;De jure liege: d_aksum;;;;;;;;;;;
d_akordat_de_jure_liege;De jure liege: d_akordat;;;;;;;;;;;
d_kassala_de_jure_liege;De jure liege: d_kassala;;;;;;;;;;;
d_sennar_de_jure_liege;De jure liege: d_sennar;;;;;;;;;;;
d_asosa_de_jure_liege;De jure liege: d_asosa;;;;;;;;;;;
d_ankober_de_jure_liege;De jure liege: d_ankober;;;;;;;;;;;
d_gondar_de_jure_liege;De jure liege: d_gondar;;;;;;;;;;;
d_antalo_de_jure_liege;De jure liege: d_antalo;;;;;;;;;;;
d_matamma_de_jure_liege;De jure liege: d_matamma;;;;;;;;;;;
d_makuria_de_jure_liege;De jure liege: d_makuria;;;;;;;;;;;
d_nubia_de_jure_liege;De jure liege: d_nubia;;;;;;;;;;;
d_hayya_de_jure_liege;De jure liege: d_hayya;;;;;;;;;;;
d_atbara_de_jure_liege;De jure liege: d_atbara;;;;;;;;;;;
d_northumberland_de_jure_liege;De jure liege: d_northumberland;;;;;;;;;;;
d_durham_de_jure_liege;De jure liege: d_durham;;;;;;;;;;;
d_cumberland_de_jure_liege;De jure liege: d_cumberland;;;;;;;;;;;
d_lancaster_de_jure_liege;De jure liege: d_lancaster;;;;;;;;;;;
d_westmorland_de_jure_liege;De jure liege: d_westmorland;;;;;;;;;;;
d_chester_de_jure_liege;De jure liege: d_chester;;;;;;;;;;;
d_derby_de_jure_liege;De jure liege: d_derby;;;;;;;;;;;
d_york_de_jure_liege;De jure liege: d_york;;;;;;;;;;;
d_leicester_de_jure_liege;De jure liege: d_leicester;;;;;;;;;;;
d_lincoln_de_jure_liege;De jure liege: d_lincoln;;;;;;;;;;;
d_norfolk_de_jure_liege;De jure liege: d_norfolk;;;;;;;;;;;
d_suffolk_de_jure_liege;De jure liege: d_suffolk;;;;;;;;;;;
d_bedford_de_jure_liege;De jure liege: d_bedford;;;;;;;;;;;
d_middlesex_de_jure_liege;De jure liege: d_middlesex;;;;;;;;;;;
d_essex_de_jure_liege;De jure liege: d_essex;;;;;;;;;;;
d_northampton_de_jure_liege;De jure liege: d_northampton;;;;;;;;;;;
d_hereford_de_jure_liege;De jure liege: d_hereford;;;;;;;;;;;
d_shrewsbury_de_jure_liege;De jure liege: d_shrewsbury;;;;;;;;;;;
d_warwick_de_jure_liege;De jure liege: d_warwick;;;;;;;;;;;
d_worcester_de_jure_liege;De jure liege: d_worcester;;;;;;;;;;;
d_gloucester_de_jure_liege;De jure liege: d_gloucester;;;;;;;;;;;
d_wiltshire_de_jure_liege;De jure liege: d_wiltshire;;;;;;;;;;;
d_oxford_de_jure_liege;De jure liege: d_oxford;;;;;;;;;;;
d_surrey_de_jure_liege;De jure liege: d_surrey;;;;;;;;;;;
d_kent_de_jure_liege;De jure liege: d_kent;;;;;;;;;;;
d_sussex_de_jure_liege;De jure liege: d_sussex;;;;;;;;;;;
d_winchester_de_jure_liege;De jure liege: d_winchester;;;;;;;;;;;
d_dorset_de_jure_liege;De jure liege: d_dorset;;;;;;;;;;;
d_somerset_de_jure_liege;De jure liege: d_somerset;;;;;;;;;;;
d_gwynedd_de_jure_liege;De jure liege: d_gwynedd;;;;;;;;;;;
d_perfeddwlad_de_jure_liege;De jure liege: d_perfeddwlad;;;;;;;;;;;
d_powys_de_jure_liege;De jure liege: d_powys;;;;;;;;;;;
d_dyfed_de_jure_liege;De jure liege: d_dyfed;;;;;;;;;;;
d_glamorgan_de_jure_liege;De jure liege: d_glamorgan;;;;;;;;;;;
d_gwent_de_jure_liege;De jure liege: d_gwent;;;;;;;;;;;
d_cornwall_de_jure_liege;De jure liege: d_cornwall;;;;;;;;;;;
d_devon_de_jure_liege;De jure liege: d_devon;;;;;;;;;;;
d_galloway_de_jure_liege;De jure liege: d_galloway;;;;;;;;;;;
d_carrick_de_jure_liege;De jure liege: d_carrick;;;;;;;;;;;
d_clydesdale_de_jure_liege;De jure liege: d_clydesdale;;;;;;;;;;;
d_innse_gall_de_jure_liege;De jure liege: d_innse_gall;;;;;;;;;;;
d_isle_of_man_de_jure_liege;De jure liege: d_isle_of_man;;;;;;;;;;;
d_argyll_de_jure_liege;De jure liege: d_argyll;;;;;;;;;;;
d_lothian_de_jure_liege;De jure liege: d_lothian;;;;;;;;;;;
d_dunbar_de_jure_liege;De jure liege: d_dunbar;;;;;;;;;;;
d_teviotdale_de_jure_liege;De jure liege: d_teviotdale;;;;;;;;;;;
d_gowrie_de_jure_liege;De jure liege: d_gowrie;;;;;;;;;;;
d_fife_de_jure_liege;De jure liege: d_fife;;;;;;;;;;;
d_strathearn_de_jure_liege;De jure liege: d_strathearn;;;;;;;;;;;
d_atholl_de_jure_liege;De jure liege: d_atholl;;;;;;;;;;;
d_moray_de_jure_liege;De jure liege: d_moray;;;;;;;;;;;
d_ross_de_jure_liege;De jure liege: d_ross;;;;;;;;;;;
d_buchan_de_jure_liege;De jure liege: d_buchan;;;;;;;;;;;
d_caithness_de_jure_liege;De jure liege: d_caithness;;;;;;;;;;;
d_ulster_de_jure_liege;De jure liege: d_ulster;;;;;;;;;;;
d_oriel_de_jure_liege;De jure liege: d_oriel;;;;;;;;;;;
d_tyrone_de_jure_liege;De jure liege: d_tyrone;;;;;;;;;;;
d_tyrconnell_de_jure_liege;De jure liege: d_tyrconnell;;;;;;;;;;;
d_breifne_de_jure_liege;De jure liege: d_breifne;;;;;;;;;;;
d_connacht_de_jure_liege;De jure liege: d_connacht;;;;;;;;;;;
d_kildare_de_jure_liege;De jure liege: d_kildare;;;;;;;;;;;
d_dublin_de_jure_liege;De jure liege: d_dublin;;;;;;;;;;;
d_leinster_de_jure_liege;De jure liege: d_leinster;;;;;;;;;;;
d_ossory_de_jure_liege;De jure liege: d_ossory;;;;;;;;;;;
d_thomond_de_jure_liege;De jure liege: d_thomond;;;;;;;;;;;
d_ormond_de_jure_liege;De jure liege: d_ormond;;;;;;;;;;;
d_desmond_de_jure_liege;De jure liege: d_desmond;;;;;;;;;;;
d_timbuktu_de_jure_liege;De jure liege: d_timbuktu;;;;;;;;;;;
d_oualata_de_jure_liege;De jure liege: d_oualata;;;;;;;;;;;
d_araouane_de_jure_liege;De jure liege: d_araouane;;;;;;;;;;;
d_taghaza_de_jure_liege;De jure liege: d_taghaza;;;;;;;;;;;
d_ghana_de_jure_liege;De jure liege: d_ghana;;;;;;;;;;;
d_aoudaghost_de_jure_liege;De jure liege: d_aoudaghost;;;;;;;;;;;
d_ouadane_de_jure_liege;De jure liege: d_ouadane;;;;;;;;;;;
d_idjil_de_jure_liege;De jure liege: d_idjil;;;;;;;;;;;
d_mali_de_jure_liege;De jure liege: d_mali;;;;;;;;;;;
d_bambuk_de_jure_liege;De jure liege: d_bambuk;;;;;;;;;;;
d_djenne_de_jure_liege;De jure liege: d_djenne;;;;;;;;;;;
d_gurma_de_jure_liege;De jure liege: d_gurma;;;;;;;;;;;
d_gao_de_jure_liege;De jure liege: d_gao;;;;;;;;;;;
d_tadmekka_de_jure_liege;De jure liege: d_tadmekka;;;;;;;;;;;
d_zarma_de_jure_liege;De jure liege: d_zarma;;;;;;;;;;;
d_cayor_de_jure_liege;De jure liege: d_cayor;;;;;;;;;;;
d_saloum_de_jure_liege;De jure liege: d_saloum;;;;;;;;;;;
d_baol_de_jure_liege;De jure liege: d_baol;;;;;;;;;;;
d_gambia_de_jure_liege;De jure liege: d_gambia;;;;;;;;;;;
d_kirina_de_jure_liege;De jure liege: d_kirina;;;;;;;;;;;
d_araouane_de_jure_liege;De jure liege: d_araouane;;;;;;;;;;;
d_taghaza_de_jure_liege;De jure liege: d_taghaza;;;;;;;;;;;
d_aoudagast_de_jure_liege;De jure liege: d_aoudagast;;;;;;;;;;;
d_oualata_de_jure_liege;De jure liege: d_oualata;;;;;;;;;;;
d_koumbi_saleh_de_jure_liege;De jure liege: d_koumbi_saleh;;;;;;;;;;;
d_djenne_de_jure_liege;De jure liege: d_djenne;;;;;;;;;;;
d_sama_de_jure_liege;De jure liege: d_sama;;;;;;;;;;;
d_sikasso_de_jure_liege;De jure liege: d_sikasso;;;;;;;;;;;
d_yaresna_de_jure_liege;De jure liege: d_yaresna;;;;;;;;;;;
d_ghiryu_de_jure_liege;De jure liege: d_ghiryu;;;;;;;;;;;
d_niani_de_jure_liege;De jure liege: d_niani;;;;;;;;;;;
d_gao_de_jure_liege;De jure liege: d_gao;;;;;;;;;;;
d_timbuktu_de_jure_liege;De jure liege: d_timbuktu;;;;;;;;;;;
d_tadmekka_de_jure_liege;De jure liege: d_tadmekka;;;;;;;;;;;
d_wagadou_de_jure_liege;De jure liege: d_wagadou;;;;;;;;;;;
d_tenkodogo_de_jure_liege;De jure liege: d_tenkodogo;;;;;;;;;;;
d_koudougu_de_jure_liege;De jure liege: d_koudougu;;;;;;;;;;;
